Model,Accuracy,AUC,Precision,Recall,F1 Score,MCC
Logistic Regression,0.6015625,0.7441930401727733,0.5700498949579832,0.6015625,0.5790872269960616,0.3490191361785802
Decision Tree,0.60625,0.6574413159406628,0.6096878158606848,0.60625,0.6065716772993087,0.3943542935863392
KNN,0.484375,0.614235395365213,0.4438099276345545,0.484375,0.45911032351872044,0.15043069947984658
Naive Bayes (GaussianNB),0.571875,0.6860672239572939,0.5801958016547406,0.571875,0.5756768617811627,0.34088985599653826
Random Forest,0.66875,0.7879912124745884,0.6485170831152974,0.66875,0.6535150586093736,0.46400015704888453
XGBoost,0.659375,0.8374216458856987,0.6519732551679618,0.659375,0.6487992761798106,0.453534193099042
